{"cameraMode":{"drawMode":2,"name":"Shaded Wireframe","section":"Shading Mode"},"sceneLighting":false,"audioPlay":false,"sceneViewState":{"showFog":false,"showMaterialUpdate":false,"showSkybox":false,"showFlares":false,"showImageEffects":false,"showParticleSystems":false},"in2DMode":false,"pivot":{"x":105.62016296386719,"y":-1.6755752563476563,"z":123.83906555175781},"rotation":{"x":0.12526623904705048,"y":-0.10546065866947174,"z":0.013377492316067219,"w":0.9864447116851807},"size":5.204566955566406,"orthographic":false}