{"cameraMode":{"drawMode":2,"name":"Shaded Wireframe","section":"Shading Mode"},"sceneLighting":false,"audioPlay":false,"sceneViewState":{"showFog":false,"showMaterialUpdate":false,"showSkybox":false,"showFlares":false,"showImageEffects":false,"showParticleSystems":false},"in2DMode":false,"pivot":{"x":-25.517044067382814,"y":-0.17207980155944825,"z":-5.443693161010742},"rotation":{"x":-0.07732648402452469,"y":0.6372454166412354,"z":-0.06441975384950638,"w":-0.7641271948814392},"size":6.025768280029297,"orthographic":false}