{"cameraMode":{"drawMode":2,"name":"Shaded Wireframe","section":"Shading Mode"},"sceneLighting":false,"audioPlay":false,"sceneViewState":{"showFog":false,"showMaterialUpdate":false,"showSkybox":false,"showFlares":false,"showImageEffects":false,"showParticleSystems":false},"in2DMode":false,"pivot":{"x":-20.96506118774414,"y":5.274083137512207,"z":15.990312576293946},"rotation":{"x":-0.17755350470542909,"y":0.5638775825500488,"z":-0.1257433444261551,"w":-0.79676353931427},"size":3.5774598121643068,"orthographic":false}