{"cameraMode":{"drawMode":0,"name":"Shaded","section":"Shading Mode"},"sceneLighting":false,"audioPlay":false,"sceneViewState":{"showFog":false,"showMaterialUpdate":false,"showSkybox":false,"showFlares":false,"showImageEffects":false,"showParticleSystems":false},"in2DMode":false,"pivot":{"x":-63.554893493652347,"y":8.802366256713868,"z":-25.86691665649414},"rotation":{"x":-0.0726233497262001,"y":0.5509107708930969,"z":-0.04828371852636337,"w":-0.8301349878311157},"size":1800.5899658203125,"orthographic":false}