{"cameraMode":{"drawMode":2,"name":"Shaded Wireframe","section":"Shading Mode"},"sceneLighting":false,"audioPlay":false,"sceneViewState":{"showFog":false,"showMaterialUpdate":false,"showSkybox":false,"showFlares":false,"showImageEffects":false,"showParticleSystems":false},"in2DMode":false,"pivot":{"x":-30.644702911376954,"y":1.3564077615737916,"z":-37.14178466796875},"rotation":{"x":0.00019988887652289122,"y":0.9996710419654846,"z":-0.025806860998272897,"w":0.0077955457381904129},"size":3.5630593299865724,"orthographic":false}