{"cameraMode":{"drawMode":0,"name":"Shaded","section":"Shading Mode"},"sceneLighting":false,"audioPlay":false,"sceneViewState":{"showFog":false,"showMaterialUpdate":false,"showSkybox":false,"showFlares":false,"showImageEffects":false,"showParticleSystems":false},"in2DMode":false,"pivot":{"x":-60.43864440917969,"y":-56.786895751953128,"z":-46.32444763183594},"rotation":{"x":-0.12407121807336807,"y":0.8713239431381226,"z":-0.38011935353279116,"w":-0.2848376929759979},"size":40.71589660644531,"orthographic":false}