{"cameraMode":{"drawMode":0,"name":"Shaded","section":"Shading Mode"},"sceneLighting":false,"audioPlay":false,"sceneViewState":{"showFog":false,"showMaterialUpdate":false,"showSkybox":false,"showFlares":false,"showImageEffects":false,"showParticleSystems":false},"in2DMode":false,"pivot":{"x":-26.422286987304689,"y":0.7290313243865967,"z":-36.854461669921878},"rotation":{"x":0.004664070438593626,"y":-0.9858554005622864,"z":0.02842991054058075,"w":0.16566291451454163},"size":7.479823112487793,"orthographic":false}