{"cameraMode":{"drawMode":2,"name":"Shaded Wireframe","section":"Shading Mode"},"sceneLighting":false,"audioPlay":false,"sceneViewState":{"showFog":false,"showMaterialUpdate":false,"showSkybox":false,"showFlares":false,"showImageEffects":false,"showParticleSystems":false},"in2DMode":false,"pivot":{"x":-24.338809967041017,"y":2.0167481899261476,"z":-31.986648559570314},"rotation":{"x":0.009973598644137383,"y":-0.6935824751853943,"z":0.009552346542477608,"w":0.7202985882759094},"size":2.146530866622925,"orthographic":false}