{"cameraMode":{"drawMode":2,"name":"Shaded Wireframe","section":"Shading Mode"},"sceneLighting":false,"audioPlay":false,"sceneViewState":{"showFog":false,"showMaterialUpdate":false,"showSkybox":false,"showFlares":false,"showImageEffects":false,"showParticleSystems":false},"in2DMode":false,"pivot":{"x":-137.52297973632813,"y":24.927583694458009,"z":63.02484130859375},"rotation":{"x":-0.0461074598133564,"y":0.17205370962619782,"z":-0.007993187755346299,"w":-0.9840357899665833},"size":1.2579096555709839,"orthographic":false}