{"cameraMode":{"drawMode":0,"name":"Shaded","section":"Shading Mode"},"sceneLighting":true,"audioPlay":false,"sceneViewState":{"showFog":false,"showMaterialUpdate":true,"showSkybox":true,"showFlares":true,"showImageEffects":true,"showParticleSystems":true},"in2DMode":false,"pivot":{"x":-549.98388671875,"y":-301.9497985839844,"z":-240.908447265625},"rotation":{"x":0.13922564685344697,"y":-0.8006080985069275,"z":0.20374584197998048,"w":0.5462594032287598},"size":323.8624267578125,"orthographic":false}