{"cameraMode":{"drawMode":2,"name":"Shaded Wireframe","section":"Shading Mode"},"sceneLighting":true,"audioPlay":false,"sceneViewState":{"showFog":false,"showMaterialUpdate":true,"showSkybox":true,"showFlares":true,"showImageEffects":true,"showParticleSystems":true},"in2DMode":false,"pivot":{"x":-11.925678253173829,"y":-0.4655660390853882,"z":-31.19780921936035},"rotation":{"x":-0.03452484682202339,"y":-0.40560829639434817,"z":0.015408731997013092,"w":-0.9134369492530823},"size":7.347174644470215,"orthographic":false}