{"cameraMode":{"drawMode":2,"name":"Shaded Wireframe","section":"Shading Mode"},"sceneLighting":false,"audioPlay":false,"sceneViewState":{"showFog":false,"showMaterialUpdate":false,"showSkybox":false,"showFlares":false,"showImageEffects":false,"showParticleSystems":false},"in2DMode":false,"pivot":{"x":-16.756460189819337,"y":11.563936233520508,"z":-30.334758758544923},"rotation":{"x":0.12526623904705048,"y":-0.10546065866947174,"z":0.013377492316067219,"w":0.9864447116851807},"size":66.41405487060547,"orthographic":false}