{"cameraMode":{"drawMode":2,"name":"Shaded Wireframe","section":"Shading Mode"},"sceneLighting":false,"audioPlay":false,"sceneViewState":{"showFog":false,"showMaterialUpdate":false,"showSkybox":false,"showFlares":false,"showImageEffects":false,"showParticleSystems":false},"in2DMode":false,"pivot":{"x":-24.500764846801759,"y":4.631706237792969,"z":-37.83905029296875},"rotation":{"x":0.12526623904705048,"y":-0.10546065866947174,"z":0.013377492316067219,"w":0.9864447116851807},"size":-0.03779482841491699,"orthographic":false}