{"cameraMode":{"drawMode":0,"name":"Shaded","section":"Shading Mode"},"sceneLighting":true,"audioPlay":false,"sceneViewState":{"showFog":false,"showMaterialUpdate":true,"showSkybox":true,"showFlares":true,"showImageEffects":true,"showParticleSystems":true},"in2DMode":false,"pivot":{"x":-60.43864440917969,"y":-56.786895751953128,"z":-46.32444763183594},"rotation":{"x":-0.09490657597780228,"y":0.759398877620697,"z":-0.11392658948898316,"w":-0.6336800456047058},"size":323.8624267578125,"orthographic":false}