{"cameraMode":{"drawMode":0,"name":"Shaded","section":"Shading Mode"},"sceneLighting":false,"audioPlay":false,"sceneViewState":{"showFog":false,"showMaterialUpdate":false,"showSkybox":false,"showFlares":false,"showImageEffects":false,"showParticleSystems":false},"in2DMode":false,"pivot":{"x":-0.000713348388671875,"y":12.784317016601563,"z":-0.0026092529296875},"rotation":{"x":-0.033948756754398349,"y":0.9545372128486633,"z":-0.11978283524513245,"w":-0.27127644419670107},"size":86.82616424560547,"orthographic":false}