{"cameraMode":{"drawMode":0,"name":"Shaded","section":"Shading Mode"},"sceneLighting":true,"audioPlay":false,"sceneViewState":{"showFog":false,"showMaterialUpdate":true,"showSkybox":true,"showFlares":true,"showImageEffects":true,"showParticleSystems":true},"in2DMode":false,"pivot":{"x":-24.10780143737793,"y":2.053628444671631,"z":-31.960351943969728},"rotation":{"x":0.06477553397417069,"y":0.0078091914765536789,"z":-0.0005744071677327156,"w":0.9980083703994751},"size":0.37415382266044619,"orthographic":false}