{"cameraMode":{"drawMode":0,"name":"Shaded","section":"Shading Mode"},"sceneLighting":false,"audioPlay":false,"sceneViewState":{"showFog":false,"showMaterialUpdate":false,"showSkybox":false,"showFlares":false,"showImageEffects":false,"showParticleSystems":false},"in2DMode":false,"pivot":{"x":-24.928447723388673,"y":1.8491344451904297,"z":-37.288185119628909},"rotation":{"x":0.0036344926338642837,"y":0.9960073828697205,"z":-0.04815429821610451,"w":0.07514237612485886},"size":2.021247148513794,"orthographic":false}