{"cameraMode":{"drawMode":0,"name":"Shaded","section":"Shading Mode"},"sceneLighting":true,"audioPlay":false,"sceneViewState":{"showFog":false,"showMaterialUpdate":true,"showSkybox":true,"showFlares":true,"showImageEffects":true,"showParticleSystems":true},"in2DMode":false,"pivot":{"x":-40.73338317871094,"y":5.039416313171387,"z":-31.983240127563478},"rotation":{"x":-0.003737139981240034,"y":0.9878435730934143,"z":-0.025544248521327974,"w":-0.1541987955570221},"size":0.30759239196777346,"orthographic":false}