{"cameraMode":{"drawMode":0,"name":"Shaded","section":"Shading Mode"},"sceneLighting":false,"audioPlay":false,"sceneViewState":{"showFog":false,"showMaterialUpdate":false,"showSkybox":false,"showFlares":false,"showImageEffects":false,"showParticleSystems":false},"in2DMode":false,"pivot":{"x":-97.56999969482422,"y":-2.7300000190734865,"z":30.899999618530275},"rotation":{"x":0.011233119294047356,"y":0.8495745658874512,"z":-0.018107833340764047,"w":0.5270939469337463},"size":3.691372871398926,"orthographic":false}