{"cameraMode":{"drawMode":0,"name":"Shaded","section":"Shading Mode"},"sceneLighting":true,"audioPlay":false,"sceneViewState":{"showFog":false,"showMaterialUpdate":true,"showSkybox":true,"showFlares":true,"showImageEffects":true,"showParticleSystems":true},"in2DMode":false,"pivot":{"x":401.761474609375,"y":-85.5335922241211,"z":442.10772705078127},"rotation":{"x":0.06621628999710083,"y":0.3553450107574463,"z":-0.024949993938207628,"w":0.9321783781051636},"size":323.8624267578125,"orthographic":false}