{"cameraMode":{"drawMode":2,"name":"Shaded Wireframe","section":"Shading Mode"},"sceneLighting":false,"audioPlay":false,"sceneViewState":{"showFog":false,"showMaterialUpdate":false,"showSkybox":false,"showFlares":false,"showImageEffects":false,"showParticleSystems":false},"in2DMode":false,"pivot":{"x":-138.21987915039063,"y":25.370677947998048,"z":63.037906646728519},"rotation":{"x":-0.06868763267993927,"y":0.2406090795993805,"z":-0.016979767009615899,"w":-0.9681088328361511},"size":0.9579097628593445,"orthographic":false}