{"cameraMode":{"drawMode":0,"name":"Shaded","section":"Shading Mode"},"sceneLighting":false,"audioPlay":false,"sceneViewState":{"showFog":false,"showMaterialUpdate":false,"showSkybox":false,"showFlares":false,"showImageEffects":false,"showParticleSystems":false},"in2DMode":false,"pivot":{"x":410.6799011230469,"y":42.38540267944336,"z":370.460693359375},"rotation":{"x":0.1369059830904007,"y":0.232447549700737,"z":-0.03306857496500015,"w":0.9623773694038391},"size":1416.1595458984375,"orthographic":false}