{"cameraMode":{"drawMode":0,"name":"Shaded","section":"Shading Mode"},"sceneLighting":false,"audioPlay":false,"sceneViewState":{"showFog":false,"showMaterialUpdate":false,"showSkybox":false,"showFlares":false,"showImageEffects":false,"showParticleSystems":false},"in2DMode":false,"pivot":{"x":-0.02004241943359375,"y":12.770522117614746,"z":-0.02645111083984375},"rotation":{"x":-0.27137577533721926,"y":-0.012148926965892315,"z":0.0033024088479578497,"w":-0.9625121355056763},"size":57.446632385253909,"orthographic":false}