{"cameraMode":{"drawMode":2,"name":"Shaded Wireframe","section":"Shading Mode"},"sceneLighting":false,"audioPlay":false,"sceneViewState":{"showFog":false,"showMaterialUpdate":false,"showSkybox":false,"showFlares":false,"showImageEffects":false,"showParticleSystems":false},"in2DMode":false,"pivot":{"x":-7.450003623962402,"y":1.3300000429153443,"z":-34.769996643066409},"rotation":{"x":-0.049064286053180698,"y":-0.6067667603492737,"z":0.03753212094306946,"w":-0.7925410866737366},"size":6.252162933349609,"orthographic":false}