{"cameraMode":{"drawMode":0,"name":"Shaded","section":"Shading Mode"},"sceneLighting":false,"audioPlay":false,"sceneViewState":{"showFog":false,"showMaterialUpdate":false,"showSkybox":false,"showFlares":false,"showImageEffects":false,"showParticleSystems":false},"in2DMode":false,"pivot":{"x":829.2925415039063,"y":513.4610595703125,"z":-3.0296630859375},"rotation":{"x":0.019809337332844735,"y":-0.00300344149582088,"z":0.000055908421927597374,"w":0.9998289942741394},"size":340.46282958984377,"orthographic":false}