{"cameraMode":{"drawMode":0,"name":"Shaded","section":"Shading Mode"},"sceneLighting":false,"audioPlay":false,"sceneViewState":{"showFog":false,"showMaterialUpdate":false,"showSkybox":false,"showFlares":false,"showImageEffects":false,"showParticleSystems":false},"in2DMode":false,"pivot":{"x":-24.37477684020996,"y":0.9172078371047974,"z":-35.57341766357422},"rotation":{"x":-0.0007800571620464325,"y":0.9915413856506348,"z":-0.13045042753219605,"w":-0.0068452549166977409},"size":10.036612510681153,"orthographic":false}