{"cameraMode":{"drawMode":2,"name":"Shaded Wireframe","section":"Shading Mode"},"sceneLighting":false,"audioPlay":false,"sceneViewState":{"showFog":false,"showMaterialUpdate":false,"showSkybox":false,"showFlares":false,"showImageEffects":false,"showParticleSystems":false},"in2DMode":false,"pivot":{"x":-24.500764846801759,"y":4.631706237792969,"z":-37.83905029296875},"rotation":{"x":0.0767330750823021,"y":-0.010473919101059437,"z":0.0007850586553104222,"w":0.9970318675041199},"size":1.1622055768966675,"orthographic":false}