{"cameraMode":{"drawMode":0,"name":"Shaded","section":"Shading Mode"},"sceneLighting":false,"audioPlay":false,"sceneViewState":{"showFog":false,"showMaterialUpdate":false,"showSkybox":false,"showFlares":false,"showImageEffects":false,"showParticleSystems":false},"in2DMode":false,"pivot":{"x":-31.504680633544923,"y":0.7887327671051025,"z":-38.83576202392578},"rotation":{"x":-0.286690890789032,"y":0.5736846923828125,"z":0.7338260412216187,"w":0.22439974546432496},"size":0.5339196920394898,"orthographic":false}