{"cameraMode":{"drawMode":0,"name":"Shaded","section":"Shading Mode"},"sceneLighting":true,"audioPlay":false,"sceneViewState":{"showFog":false,"showMaterialUpdate":true,"showSkybox":true,"showFlares":true,"showImageEffects":true,"showParticleSystems":true},"in2DMode":false,"pivot":{"x":-86.5060806274414,"y":-279.469482421875,"z":-616.4493408203125},"rotation":{"x":-0.011125416494905949,"y":0.9733508229255676,"z":-0.22462797164916993,"w":-0.04758985713124275},"size":323.8624267578125,"orthographic":false}