{"cameraMode":{"drawMode":0,"name":"Shaded","section":"Shading Mode"},"sceneLighting":false,"audioPlay":false,"sceneViewState":{"showFog":false,"showMaterialUpdate":false,"showSkybox":false,"showFlares":false,"showImageEffects":false,"showParticleSystems":false},"in2DMode":false,"pivot":{"x":-49.21167755126953,"y":-5.738437175750732,"z":-17.859670639038087},"rotation":{"x":-0.09822829067707062,"y":0.48460325598716738,"z":-0.055011846125125888,"w":-0.8675856590270996},"size":18.280040740966798,"orthographic":false}